{
  "observations": [
    2,
    6,
    8,
    9,
    10,
    11,
    12
  ],
  "hiddenStates": [
    0,
    1,
    2,
    3,
    4,
    5,
    6
  ],
  "transitionProbabilities": {
    "0": {
      "0": 0.8319327731092437,
      "1": 0.08319319717022551,
      "2": 8.320113109176904E-4,
      "3": 8.404964234943026E-6,
      "4": 8.404964234943026E-6,
      "5": 8.320113109176904E-4,
      "6": 0.08319319717022551
    },
    "1": {
      "0": 0.08319319717022551,
      "1": 0.8319327731092437,
      "2": 0.08319319717022551,
      "3": 8.320113109176904E-4,
      "4": 8.404964234943026E-6,
      "5": 8.404964234943026E-6,
      "6": 8.320113109176904E-4
    },
    "2": {
      "0": 8.320113109176904E-4,
      "1": 0.08319319717022551,
      "2": 0.8319327731092437,
      "3": 0.08319319717022551,
      "4": 8.320113109176904E-4,
      "5": 8.404964234943026E-6,
      "6": 8.404964234943026E-6
    },
    "3": {
      "0": 8.404964234943026E-6,
      "1": 8.320113109176904E-4,
      "2": 0.08319319717022551,
      "3": 0.8319327731092437,
      "4": 0.08319319717022551,
      "5": 8.320113109176904E-4,
      "6": 8.404964234943026E-6
    },
    "4": {
      "0": 8.404964234943026E-6,
      "1": 8.404964234943026E-6,
      "2": 8.320113109176904E-4,
      "3": 0.08319319717022551,
      "4": 0.8319327731092437,
      "5": 0.08319319717022551,
      "6": 8.320113109176904E-4
    },
    "5": {
      "0": 8.320113109176904E-4,
      "1": 8.404964234943026E-6,
      "2": 8.404964234943026E-6,
      "3": 8.320113109176904E-4,
      "4": 0.08319319717022551,
      "5": 0.8319327731092437,
      "6": 0.08319319717022551
    },
    "6": {
      "0": 0.08319319717022551,
      "1": 8.320113109176904E-4,
      "2": 8.404964234943026E-6,
      "3": 8.404964234943026E-6,
      "4": 8.320113109176904E-4,
      "5": 0.08319319717022551,
      "6": 0.8319327731092437
    }
  },
  "emitProbabilities": {
    "0": {
      "2": 0.75,
      "6": 0.01,
      "8": 0.01,
      "9": 0.01,
      "10": 0.01,
      "11": 0.01,
      "12": 0.01
    },
    "1": {
      "2": 0.01,
      "6": 0.75,
      "8": 0.01,
      "9": 0.01,
      "10": 0.01,
      "11": 0.01,
      "12": 0.01
    },
    "2": {
      "2": 0.01,
      "6": 0.01,
      "8": 0.75,
      "9": 0.01,
      "10": 0.01,
      "11": 0.01,
      "12": 0.01
    },
    "3": {
      "2": 0.01,
      "6": 0.01,
      "8": 0.01,
      "9": 0.75,
      "10": 0.01,
      "11": 0.01,
      "12": 0.01
    },
    "4": {
      "2": 0.01,
      "6": 0.01,
      "8": 0.01,
      "9": 0.01,
      "10": 0.75,
      "11": 0.01,
      "12": 0.01
    },
    "5": {
      "2": 0.01,
      "6": 0.01,
      "8": 0.01,
      "9": 0.01,
      "10": 0.01,
      "11": 0.75,
      "12": 0.01
    },
    "6": {
      "2": 0.01,
      "6": 0.01,
      "8": 0.01,
      "9": 0.01,
      "10": 0.01,
      "11": 0.01,
      "12": 0.75
    }
  },
  "startProbabilities": {
    "0": 0.994,
    "1": 0.001,
    "2": 0.001,
    "3": 0.001,
    "4": 0.001,
    "5": 0.001,
    "6": 0.001
  }
}